Age,Highest Risk Probability
50,0.6315170334573759
13,0.2669611016385598
30,0.4263712274957913
13,0.2669611016385598
17,0.3011236239445107
17,0.3011236239445107
31,0.4366419347891105
14,0.2752705523291757
19,0.3190923766998576
18,0.31003747062375425
